{
  "ExtendedData": {
    "inputs": [
      "http://www.afe.ir/WebService/V4/BoxService.asmx"
    ],
    "collectionTypes": [
      "System.Array",
      "System.Collections.Generic.Dictionary`2"
    ],
    "internalTypeAccess": true,
    "namespaceMappings": [
      "*, SmsServiceReference"
    ],
    "references": [
      "Azure.Core, {Azure.Core, 1.35.0}",
      "Azure.Identity, {Azure.Identity, 1.10.3}",
      "Castle.Core, {Castle.Core, 5.1.1}",
      "Microsoft.AspNetCore.Authentication.JwtBearer, {Microsoft.AspNetCore.Authentication.JwtBearer, 8.0.10}",
      "Microsoft.Bcl.AsyncInterfaces, {Microsoft.Bcl.AsyncInterfaces, 6.0.0}",
      "Microsoft.Data.SqlClient, {Microsoft.Data.SqlClient, 5.1.5}",
      "Microsoft.EntityFrameworkCore, {Microsoft.EntityFrameworkCore, 8.0.7}",
      "Microsoft.EntityFrameworkCore.Abstractions, {Microsoft.EntityFrameworkCore.Abstractions, 8.0.7}",
      "Microsoft.EntityFrameworkCore.Proxies, {Microsoft.EntityFrameworkCore.Proxies, 8.0.6}",
      "Microsoft.EntityFrameworkCore.Relational, {Microsoft.EntityFrameworkCore.Relational, 8.0.7}",
      "Microsoft.EntityFrameworkCore.SqlServer, {Microsoft.EntityFrameworkCore.SqlServer, 8.0.7}",
      "Microsoft.Extensions.Caching.Abstractions, {Microsoft.Extensions.Caching.Abstractions, 8.0.0}",
      "Microsoft.Extensions.Caching.Memory, {Microsoft.Extensions.Caching.Memory, 8.0.0}",
      "Microsoft.Extensions.Configuration.Abstractions, {Microsoft.Extensions.Configuration.Abstractions, 8.0.0}",
      "Microsoft.Extensions.DependencyInjection, {Microsoft.Extensions.DependencyInjection, 8.0.0}",
      "Microsoft.Extensions.DependencyInjection.Abstractions, {Microsoft.Extensions.DependencyInjection.Abstractions, 8.0.0}",
      "Microsoft.Extensions.Logging, {Microsoft.Extensions.Logging, 8.0.0}",
      "Microsoft.Extensions.Logging.Abstractions, {Microsoft.Extensions.Logging.Abstractions, 8.0.0}",
      "Microsoft.Extensions.Options, {Microsoft.Extensions.Options, 8.0.0}",
      "Microsoft.Extensions.Primitives, {Microsoft.Extensions.Primitives, 8.0.0}",
      "Microsoft.Identity.Client, {Microsoft.Identity.Client, 4.56.0}",
      "Microsoft.Identity.Client.Extensions.Msal, {Microsoft.Identity.Client.Extensions.Msal, 4.56.0}",
      "Microsoft.IdentityModel.Abstractions, {Microsoft.IdentityModel.Abstractions, 7.1.2}",
      "Microsoft.IdentityModel.JsonWebTokens, {Microsoft.IdentityModel.JsonWebTokens, 7.1.2}",
      "Microsoft.IdentityModel.Logging, {Microsoft.IdentityModel.Logging, 7.1.2}",
      "Microsoft.IdentityModel.Protocols, {Microsoft.IdentityModel.Protocols, 7.1.2}",
      "Microsoft.IdentityModel.Protocols.OpenIdConnect, {Microsoft.IdentityModel.Protocols.OpenIdConnect, 7.1.2}",
      "Microsoft.IdentityModel.Tokens, {Microsoft.IdentityModel.Tokens, 7.1.2}",
      "Microsoft.OpenApi, {Microsoft.OpenApi, 1.6.14}",
      "Microsoft.SqlServer.Server, {Microsoft.SqlServer.Server, 1.0.0}",
      "Swashbuckle.AspNetCore.Swagger, {Swashbuckle.AspNetCore.Swagger, 6.9.0}",
      "Swashbuckle.AspNetCore.SwaggerGen, {Swashbuckle.AspNetCore.SwaggerGen, 6.9.0}",
      "Swashbuckle.AspNetCore.SwaggerUI, {Swashbuckle.AspNetCore.SwaggerUI, 6.9.0}",
      "System.Diagnostics.DiagnosticSource, {System.Diagnostics.DiagnosticSource, 6.0.1}",
      "System.Diagnostics.EventLog, {System.Diagnostics.EventLog, 6.0.0}",
      "System.IdentityModel.Tokens.Jwt, {System.IdentityModel.Tokens.Jwt, 7.1.2}",
      "System.IO.FileSystem.AccessControl, {System.IO.FileSystem.AccessControl, 5.0.0}",
      "System.Memory.Data, {System.Memory.Data, 1.0.2}",
      "System.Runtime.CompilerServices.Unsafe, {System.Runtime.CompilerServices.Unsafe, 6.0.0}",
      "System.Security.AccessControl, {System.Security.AccessControl, 6.0.0}",
      "System.Security.Cryptography.Cng, {System.Security.Cryptography.Cng, 5.0.0}",
      "System.Security.Cryptography.ProtectedData, {System.Security.Cryptography.ProtectedData, 6.0.0}",
      "System.Security.Principal.Windows, {System.Security.Principal.Windows, 5.0.0}",
      "System.Text.Encodings.Web, {System.Text.Encodings.Web, 8.0.0}",
      "System.Text.Json, {System.Text.Json, 8.0.4}"
    ],
    "targetFramework": "net8.0",
    "typeReuseMode": "All"
  }
}